chr,start,end,eventid_snpID
chr1,10270385,10270386,chr1;10270386;G;C_rs3828081
chr1,10272561,10272562,chr1;10272562;C;G_rs12133125
chr1,10446595,10446596,chr1;10446596;G;T_rs11587309
chr1,10459778,10459779,chr1;10459779;G;A_rs3737155
chr1,10567657,10567658,chr1;10567658;C;T_rs2480786
chr1,10567710,10567711,chr1;10567711;C;T_rs589151
chr1,10568276,10568277,chr1;10568277;T;G_rs2506880
chr1,10569257,10569258,chr1;10569258;G;A_rs2480785
chr1,10616227,10616228,chr1;10616228;G;A_rs4846233
chr1,10616483,10616484,chr1;10616484;C;T_rs4240915
chr1,10616504,10616505,chr1;10616505;C;A_rs17035305
chr1,10617033,10617034,chr1;10617034;G;A_rs12028449
chr1,12919927,12919928,chr1;12919928;A;G_rs72472698
chr1,12919933,12919934,chr1;12919934;A;G_rs3204805
chr1,12919962,12919963,chr1;12919963;T;G_rs72472699
chr1,12920066,12920067,chr1;12920067;C;G_rs17038709
chr1,150629879,150629880,chr1;150629880;C;A_rs11204687
chr1,150630994,150630995,chr1;150630995;G;A_rs2867304
chr1,150660991,150660992,chr1;150660992;C;T_rs113446947
chr1,150661082,150661083,chr1;150661083;C;T_rs111774312
chr1,150798576,150798577,chr1;150798577;C;G_rs10305720
chr1,150954670,150954671,chr1;150954671;G;A_rs607518
chr1,153896211,153896212,chr1;153896212;A;G_rs4845357
chr1,153896369,153896370,chr1;153896370;T;C_rs4845585
chr1,153941513,153941514,chr1;153941514;C;T_rs11264743
chr1,153942155,153942156,chr1;153942156;G;A_rs12023699
chr1,154980350,154980351,chr1;154980351;C;T_rs56103503
chr1,1630565,1630566,chr1;1630566;T;C_NA
chr1,181104520,181104521,chr1;181104521;A;C_rs12117347
chr1,204464149,204464150,chr1;204464150;C;G_rs3014606
chr1,204464180,204464181,chr1;204464181;C;T_rs2926534
chr1,204464445,204464446,chr1;204464446;C;A_rs4951075
chr10,104418227,104418228,chr10;104418228;C;G_rs12773600
chr10,104418349,104418350,chr10;104418350;C;T_rs12773833
chr10,114711676,114711677,chr10;114711677;C;T_rs113999985
chr10,114711754,114711755,chr10;114711755;C;T_rs10885396
chr10,114711882,114711883,chr10;114711883;G;A_rs10885397
chr10,114711982,114711983,chr10;114711983;A;G_rs7094463
chr10,114712153,114712154,chr10;114712154;C;G_rs7094871
chr10,126696495,126696496,chr10;126696496;T;C_rs1970811
chr10,126696642,126696643,chr10;126696643;A;G_rs2028398
chr10,126696694,126696695,chr10;126696695;A;G_rs2028397
chr10,126696703,126696704,chr10;126696704;A;G_rs4962719
chr10,126696839,126696840,chr10;126696840;G;T_rs4962720
chr10,126696871,126696872,chr10;126696872;T;C_rs4962416
chr10,126697085,126697086,chr10;126697086;G;A_rs4962418
chr10,126697113,126697114,chr10;126697114;G;A_rs4962419
chr10,126697209,126697210,chr10;126697210;T;C_rs7077275
chr10,126697326,126697327,chr10;126697327;A;G_rs12769019
chr10,90248944,90248945,chr10;90248945;A;C_rs2437875
chr11,23029145,23029146,chr11;23029146;G;C_rs10833896
chr11,23029401,23029402,chr11;23029402;T;C_rs2470326
chr11,23029604,23029605,chr11;23029605;A;G_rs10766992
chr11,23029743,23029744,chr11;23029744;C;A_rs10833897
chr11,23030156,23030157,chr11;23030157;T;G_rs7949544
chr11,47377282,47377283,chr11;47377283;A;G_rs71475909
chr11,47560432,47560433,chr11;47560433;T;C_rs61895112
chr11,76157488,76157489,chr11;76157489;A;C_rs17245270
chr12,133067978,133067979,chr12;133067979;C;T_rs12314600
chr12,133067988,133067989,chr12;133067989;G;A_rs7295014
chr12,133068483,133068484,chr12;133068484;G;A_rs35318451
chr12,14409527,14409528,chr12;14409528;G;A_rs12300043
chr12,48420213,48420214,chr12;48420214;C;T_rs7967762
chr12,48420252,48420253,chr12;48420253;C;A_rs10875724
chr12,53301057,53301058,chr12;53301058;A;T_rs2682300
chr12,53301058,53301059,chr12;53301059;A;C_rs2682299
chr12,65017697,65017698,chr12;65017698;G;A_rs1245169
chr12,65017843,65017844,chr12;65017844;G;T_rs1245168
chr12,65018191,65018192,chr12;65018192;T;C_rs2682714
chr12,65018724,65018725,chr12;65018725;G;A_rs2701850
chr12,65019722,65019723,chr12;65019723;G;T_rs2701849
chr12,65031845,65031846,chr12;65031846;G;A_rs11175483
chr12,65031905,65031906,chr12;65031906;G;A_rs11175484
chr12,65034024,65034025,chr12;65034025;C;T_rs1383117
chr12,65034858,65034859,chr12;65034859;C;T_rs2682724
chr12,65043402,65043403,chr12;65043403;G;A_rs1795624
chr12,65044813,65044814,chr12;65044814;G;T_rs1797688
chr12,65045033,65045034,chr12;65045034;T;G_rs1797689
chr12,65050153,65050154,chr12;65050154;G;A_rs1797678
chr12,65065168,65065169,chr12;65065169;C;T_rs1716506
chr12,65065190,65065191,chr12;65065191;T;C_rs1268914
chr12,90156376,90156377,chr12;90156377;G;A_rs4842687
chr12,90156377,90156378,chr12;90156378;A;C_rs4842688
chr12,90156573,90156574,chr12;90156574;A;T_rs7961386
chr12,90156744,90156745,chr12;90156745;T;C_rs67026445
chr12,90156856,90156857,chr12;90156857;T;A_rs10745514
chr12,90156978,90156979,chr12;90156979;T;C_rs10745515
chr12,90172491,90172492,chr12;90172492;A;G_rs2056328
chr12,90172939,90172940,chr12;90172940;T;C_rs10777200
chr14,37131992,37131993,chr14;37131993;G;C_rs12883298
chr14,37132047,37132048,chr14;37132048;A;G_rs12882923
chr15,41029176,41029177,chr15;41029177;G;A_rs12441514
chr15,66794705,66794706,chr15;66794706;T;C_rs28684409
chr16,57653046,57653047,chr16;57653047;A;G_rs13337885
chr16,82171718,82171719,chr16;82171719;A;C_rs41534745
chr16,82171978,82171979,chr16;82171979;G;C_rs8051436
chr16,82181933,82181934,chr16;82181934;T;C_rs1056675
chr16,82181976,82181977,chr16;82181977;T;C_rs1064208
chr16,82182831,82182832,chr16;82182832;C;G_rs11859599
chr16,82185761,82185762,chr16;82185762;G;A_rs12446210
chr16,82199970,82199971,chr16;82199971;G;A_rs12597010
chr16,82199979,82199980,chr16;82199980;C;T_rs7194734
chr16,82200062,82200063,chr16;82200063;T;C_rs12599988
chr16,82200102,82200103,chr16;82200103;A;C_rs2967355
chr16,82200118,82200119,chr16;82200119;C;T_rs12597171
chr16,82200275,82200276,chr16;82200276;G;T_rs12597534
chr16,82200308,82200309,chr16;82200309;T;C_rs12595971
chr16,82200336,82200337,chr16;82200337;T;C_rs10514532
chr16,82200603,82200604,chr16;82200604;T;C_rs62045962
chr16,82200660,82200661,chr16;82200661;A;G_rs62045963
chr16,82200746,82200747,chr16;82200747;C;T_rs7200628
chr16,82200919,82200920,chr16;82200920;T;C_rs62045964
chr17,36103564,36103565,chr17;36103565;G;A_rs11263763
chr17,36103871,36103872,chr17;36103872;C;G_rs11658063
chr17,36104120,36104121,chr17;36104121;C;G_rs12453443
chr17,47410126,47410127,chr17;47410127;C;A_rs4420575
chr17,47440465,47440466,chr17;47440466;A;G_rs16948048
chr17,49032417,49032418,chr17;49032418;T;C_rs11657465
chr17,54794911,54794912,chr17;54794912;T;C_rs227671
chr17,54795103,54795104,chr17;54795104;C;A_rs227670
chr17,54795134,54795135,chr17;54795135;A;C_rs227669
chr17,7820182,7820183,chr17;7820183;G;T_rs11078716
chr17,78667862,78667863,chr17;78667863;T;G_rs4889784
chr17,78668234,78668235,chr17;78668235;A;G_rs9889315
chr17,78668312,78668313,chr17;78668313;C;T_rs60469059
chr17,78668429,78668430,chr17;78668430;G;A_rs11869453
chr17,78668592,78668593,chr17;78668593;G;T_rs869190
chr17,80989666,80989667,chr17;80989667;G;C_rs9913660
chr17,80989759,80989760,chr17;80989760;T;C_rs4986140
chr18,51781018,51781019,chr18;51781019;T;C_rs11083046
chr18,51781646,51781647,chr18;51781647;A;G_rs625649
chr18,51781893,51781894,chr18;51781894;T;C_rs11083047
chr18,51830293,51830294,chr18;51830294;C;T_rs12955457
chr18,56742903,56742904,chr18;56742904;A;G_rs4940811
chr18,56742964,56742965,chr18;56742965;G;A_rs4940812
chr18,56743137,56743138,chr18;56743138;A;G_rs12326997
chr18,56743364,56743365,chr18;56743365;T;A_rs8094161
chr18,60988145,60988146,chr18;60988146;G;A_rs62098660
chr19,41985586,41985587,chr19;41985587;A;G_rs11672691
chr19,41985623,41985624,chr19;41985624;C;T_rs887391
chr19,49513272,49513273,chr19;49513273;C;T_rs1062708
chr19,49513348,49513349,chr19;49513349;C;G_rs2287760
chr19,49513539,49513540,chr19;49513540;T;C_rs8108852
chr19,49514007,49514008,chr19;49514008;G;C_rs2287759
chr19,49514015,49514016,chr19;49514016;C;A_rs35881867
chr19,49514025,49514026,chr19;49514026;C;T_NA
chr19,51360817,51360818,chr19;51360818;C;T_rs266876
chr19,51361936,51361937,chr19;51361937;G;A_rs266875
chr19,51363025,51363026,chr19;51363026;C;T_rs2659122
chr2,10093536,10093537,chr2;10093537;C;T_rs78434172
chr2,10093907,10093908,chr2;10093908;C;T_rs7581701
chr2,10093949,10093950,chr2;10093950;C;T_rs7581717
chr2,10094317,10094318,chr2;10094318;C;T_rs3828262
chr2,10094525,10094526,chr2;10094526;A;G_rs73913932
chr2,10094991,10094992,chr2;10094992;A;G_rs2303918
chr2,10095184,10095185,chr2;10095185;T;C_rs16867251
chr2,10730838,10730839,chr2;10730839;T;C_rs11674433
chr2,10731326,10731327,chr2;10731327;A;G_rs2024431
chr2,10731473,10731474,chr2;10731474;C;T_rs2024432
chr2,10731503,10731504,chr2;10731504;G;C_rs2024433
chr2,10732798,10732799,chr2;10732799;T;C_rs10929685
chr2,10733043,10733044,chr2;10733044;G;A_rs10183359
chr2,10733187,10733188,chr2;10733188;C;T_rs10207885
chr2,10733253,10733254,chr2;10733254;A;C_rs10172926
chr2,10733542,10733543,chr2;10733543;G;A_rs10183880
chr2,10733544,10733545,chr2;10733545;G;C_rs10183883
chr2,10733928,10733929,chr2;10733929;C;T_rs10210859
chr2,10737425,10737426,chr2;10737426;A;G_rs7592691
chr2,10737672,10737673,chr2;10737673;G;A_rs10490187
chr2,10738017,10738018,chr2;10738018;T;A_rs6432110
chr2,10738133,10738134,chr2;10738134;G;A_rs7605461
chr2,10738175,10738176,chr2;10738176;A;C_rs7593496
chr2,10739127,10739128,chr2;10739128;G;A_rs4453662
chr2,10739591,10739592,chr2;10739592;C;T_rs13034017
chr2,10739650,10739651,chr2;10739651;C;T_rs13034061
chr2,202048122,202048123,chr2;202048123;C;T_rs11674246
chr2,202097326,202097327,chr2;202097327;G;C_rs3729647
chr2,202097574,202097575,chr2;202097575;G;A_rs6747918
chr2,202099255,202099256,chr2;202099256;T;G_rs12620010
chr2,202122994,202122995,chr2;202122995;A;G_rs3769823
chr2,202123429,202123430,chr2;202123430;C;T_rs3769821
chr2,202163482,202163483,chr2;202163483;G;A_rs9288316
chr2,238396871,238396872,chr2;238396872;G;C_rs880930
chr2,238396962,238396963,chr2;238396963;T;C_rs880932
chr2,238396984,238396985,chr2;238396985;C;T_rs72620830
chr2,238398164,238398165,chr2;238398165;T;C_rs6760842
chr2,238398181,238398182,chr2;238398182;G;A_rs6713555
chr2,238398267,238398268,chr2;238398268;T;C_rs6760963
chr2,238435053,238435054,chr2;238435054;G;A_rs7570873
chr2,238435085,238435086,chr2;238435086;G;A_rs7570882
chr2,242743942,242743943,chr2;242743943;G;T_NA
chr2,43638184,43638185,chr2;43638185;C;T_rs7567607
chr2,61505071,61505072,chr2;61505072;C;T_rs13004855
chr2,85764959,85764960,chr2;85764960;G;T_rs1446668
chr2,85764965,85764966,chr2;85764966;A;T_rs1048740
chr2,85764967,85764968,chr2;85764968;T;G_rs1048739
chr2,85767734,85767735,chr2;85767735;C;T_rs2028900
chr2,8597822,8597823,chr2;8597823;G;A_rs10188360
chr2,8597887,8597888,chr2;8597888;G;C_rs10190752
chr2,8598443,8598444,chr2;8598444;G;T_rs11686272
chr2,8598578,8598579,chr2;8598579;T;C_rs62106671
chr20,30192092,30192093,chr20;30192093;A;C_rs11905777
chr22,23659623,23659624,chr22;23659624;C;G_rs28587260
chr22,23659642,23659643,chr22;23659643;G;A_rs201921384
chr22,23659863,23659864,chr22;23659864;C;T_rs3869874
chr22,23659915,23659916,chr22;23659916;A;G_NA
chr22,23660094,23660095,chr22;23660095;T;G_NA
chr22,23660327,23660328,chr22;23660328;G;A_rs11914110
chr22,29156447,29156448,chr22;29156448;A;G_rs6005863
chr3,113277104,113277105,chr3;113277105;C;T_rs7639565
chr3,127958012,127958013,chr3;127958013;G;A_rs4074440
chr3,53269903,53269904,chr3;53269904;G;A_rs4687715
chr3,53270061,53270062,chr3;53270062;G;C_rs3773741
chr3,53270112,53270113,chr3;53270113;A;T_rs3773742
chr3,53270168,53270169,chr3;53270169;G;T_rs3773743
chr3,53270221,53270222,chr3;53270222;T;C_rs12629909
chr3,53270343,53270344,chr3;53270344;T;C_rs3773744
chr3,53270423,53270424,chr3;53270424;A;G_rs3773745
chr3,53270927,53270928,chr3;53270928;T;C_rs2884495
chr3,53270946,53270947,chr3;53270947;A;C_rs2358621
chr4,2010972,2010973,chr4;2010973;T;G_rs398377
chr4,2011171,2011172,chr4;2011172;C;G_rs481053
chr4,95547466,95547467,chr4;95547467;A;G_rs7679542
chr4,95548549,95548550,chr4;95548550;G;A_rs10015716
chr5,2725774,2725775,chr5;2725775;A;G_rs1039161
chr5,2725973,2725974,chr5;2725974;C;T_rs1546198
chr5,2726230,2726231,chr5;2726231;C;T_rs2173224
chr5,2726306,2726307,chr5;2726307;C;T_rs34411685
chr5,2726396,2726397,chr5;2726397;A;C_rs2935616
chr5,2726568,2726569,chr5;2726569;C;A_rs62333213
chr5,2726573,2726574,chr5;2726574;C;A_rs115337026
chr5,2726574,2726575,chr5;2726575;T;A_NA
chr5,2726575,2726576,chr5;2726576;C;A_NA
chr5,73280357,73280358,chr5;73280358;A;C_rs2973536
chr5,73280666,73280667,chr5;73280667;T;C_rs2973537
chr5,73280667,73280668,chr5;73280668;G;A_rs2913272
chr5,73280935,73280936,chr5;73280936;G;C_rs2913273
chr5,73280944,73280945,chr5;73280945;A;G_rs2927700
chr5,73281072,73281073,chr5;73281073;A;G_rs2913274
chr6,109329640,109329641,chr6;109329641;A;C_rs12215344
chr6,109342168,109342169,chr6;109342169;T;C_rs11755471
chr6,11217842,11217843,chr6;11217843;G;A_rs2018334
chr6,11218123,11218124,chr6;11218124;C;T_rs2327332
chr6,11218160,11218161,chr6;11218161;T;C_rs10947036
chr6,11218165,11218166,chr6;11218166;G;C_rs10947037
chr6,153447515,153447516,chr6;153447516;C;T_rs13215045
chr6,153447549,153447550,chr6;153447550;G;A_rs13215402
chr6,153448251,153448252,chr6;153448252;C;T_rs6934121
chr6,160581373,160581374,chr6;160581374;A;G_rs651164
chr6,34563957,34563958,chr6;34563958;C;G_rs205260
chr6,34564065,34564066,chr6;34564066;A;G_rs205259
chr6,34564242,34564243,chr6;34564243;T;C_rs205258
chr6,34566974,34566975,chr6;34566975;T;C_rs2814972
chr6,34713137,34713138,chr6;34713138;C;T_rs2814968
chr6,34713398,34713399,chr6;34713399;C;A_rs2814969
chr6,34713499,34713500,chr6;34713500;G;A_rs2814970
chr6,34758626,34758627,chr6;34758627;G;A_rs9469883
chr6,34758639,34758640,chr6;34758640;C;T_rs9462021
chr6,34758702,34758703,chr6;34758703;A;T_rs9469884
chr6,34758715,34758716,chr6;34758716;A;T_rs9469885
chr6,34758823,34758824,chr6;34758824;C;T_rs9469886
chr6,34758939,34758940,chr6;34758940;C;T_rs9469887
chr6,34760582,34760583,chr6;34760583;T;C_rs7752522
chr6,34760735,34760736,chr6;34760736;T;C_rs11757370
chr6,34760955,34760956,chr6;34760956;C;G_rs11755420
chr6,43709702,43709703,chr6;43709703;C;T_rs9472119
chr6,43709784,43709785,chr6;43709785;C;T_rs9472120
chr6,43709992,43709993,chr6;43709993;G;A_rs9367172
chr6,43710014,43710015,chr6;43710015;T;G_rs9472121
chr6,43710380,43710381,chr6;43710381;C;T_rs10807290
chr6,43710755,43710756,chr6;43710756;G;A_rs945128
chr7,153733391,153733392,chr7;153733392;C;G_NA
chr7,153733416,153733417,chr7;153733417;G;A_NA
chr7,153734322,153734323,chr7;153734323;A;G_rs6464381
chr7,1966491,1966492,chr7;1966492;G;C_rs10950448
chr7,1966830,1966831,chr7;1966831;A;G_rs6959688
chr7,1966840,1966841,chr7;1966841;C;T_rs6978112
chr7,27976562,27976563,chr7;27976563;G;A_rs10486567
chr7,27976714,27976715,chr7;27976715;T;G_rs3919460
chr8,101093251,101093252,chr8;101093252;T;C_rs1460931
chr8,128104054,128104055,chr8;128104055;G;T_rs7463708
chr8,128104342,128104343,chr8;128104343;C;A_rs13254738
chr8,143897881,143897882,chr8;143897882;A;G_rs2717586
chr8,145060111,145060112,chr8;145060112;G;A_rs11136345
chr8,23522451,23522452,chr8;23522452;C;T_rs7821330
chr8,23525357,23525358,chr8;23525358;C;T_rs11782388
chr8,23525542,23525543,chr8;23525543;C;T_rs13265330
chr8,23529520,23529521,chr8;23529521;G;A_rs1160267
chr9,118706391,118706392,chr9;118706392;A;T_rs1450197
chr9,132573289,132573290,chr9;132573290;C;T_rs1043186
chr9,132573535,132573536,chr9;132573536;G;T_rs12634
chr9,132574476,132574477,chr9;132574477;G;A_rs13283293
chr9,132574861,132574862,chr9;132574862;C;T_rs13283584
chr9,132596898,132596899,chr9;132596899;G;A_rs3814548
chr9,132597020,132597021,chr9;132597021;C;T_rs3814547
chr9,132598100,132598101,chr9;132598101;C;T_rs3758337
chr9,132598278,132598279,chr9;132598279;G;C_rs7020989
chr9,132598281,132598282,chr9;132598282;A;G_rs7020657
chr9,139444926,139444927,chr9;139444927;G;A_rs9314868
chr9,141146492,141146493,chr9;141146493;C;T_NA
chr9,141147069,141147070,chr9;141147070;T;C_NA
chr9,141147106,141147107,chr9;141147107;G;A_NA
chr9,19048956,19048957,chr9;19048957;C;T_rs2233798
chr9,19049216,19049217,chr9;19049217;A;C_rs6475313
chr9,33819554,33819555,chr9;33819555;A;T_rs216367
chr9,33991898,33991899,chr9;33991899;A;C_rs12553803
chr9,34023429,34023430,chr9;34023430;G;A_rs12164256
chr9,34023571,34023572,chr9;34023572;C;T_rs1785502
