snpid,dbsnp150(chr),"dbsnp150(start,0based)",dbsnp150(end),ref-paper-table,ref-paper
rs684232,chr17,618964,618965,table7,schumacher 2018; doi:10.1038/s41588-018-0142
rs141536087,chr10,854690,854691,table8,schumacher 2018; doi:10.1038/s41588-018-0142
rs2242652,chr5,1280027,1280028,table7,schumacher 2018; doi:10.1038/s41588-018-0142
rs1881502,chr11,1507511,1507512,table8,schumacher 2018; doi:10.1038/s41588-018-0142
rs527510716,chr7,1944536,1944537,table8,schumacher 2018; doi:10.1038/s41588-018-0142
rs7127900,chr11,2233573,2233574,table7,schumacher 2018; doi:10.1038/s41588-018-0142
rs61890184,chr11,7547586,7547587,table8,schumacher 2018; doi:10.1038/s41588-018-0142
rs28441558,chr17,7803117,7803118,table8,schumacher 2018; doi:10.1038/s41588-018-0142
rs62106670,chr2,8597122,8597123,table8,schumacher 2018; doi:10.1038/s41588-018-0142
rs2405942,chrX,9814134,9814135,table7,schumacher 2018; doi:10.1038/s41588-018-0142
rs11902236,chr2,10117867,10117868,table7,schumacher 2018; doi:10.1038/s41588-018-0142
rs636291,chr1,10556096,10556097,table7,schumacher 2018; doi:10.1038/s41588-018-0142
rs9287719,chr2,10710729,10710730,table7,schumacher 2018; doi:10.1038/s41588-018-0142
rs4713266,chr6,11219029,11219030,table7,schumacher 2018; doi:10.1038/s41588-018-0142
rs17321482,chrX,11482633,11482634,table8,schumacher 2018; doi:10.1038/s41588-018-0142
rs2066827,chr12,12871098,12871099,table8,schumacher 2018; doi:10.1038/s41588-018-0142
rs10845938,chr12,14416917,14416918,table8,schumacher 2018; doi:10.1038/s41588-018-0142
rs11666569,chr19,17214072,17214073,table8,schumacher 2018; doi:10.1038/s41588-018-0142
rs1048169,chr9,19055964,19055965,table8,schumacher 2018; doi:10.1038/s41588-018-0142
rs11452686,chr7,20414109,20414110,table8,schumacher 2018; doi:10.1038/s41588-018-0142
rs12155172,chr7,20994490,20994491,table7,schumacher 2018; doi:10.1038/s41588-018-0142
rs17694493,chr9,22041997,22041998,table7,schumacher 2018; doi:10.1038/s41588-018-0142
rs1004030,chr14,23305648,23305649,table8,schumacher 2018; doi:10.1038/s41588-018-0142
rs2928679,chr8,23438974,23438975,table7,schumacher 2018; doi:10.1038/s41588-018-0142
rs11135910,chr8,25892141,25892142,table7,schumacher 2018; doi:10.1038/s41588-018-0142
rs10486567,chr7,27976562,27976563,table7,schumacher 2018; doi:10.1038/s41588-018-0142
rs9625483,chr22,28888938,28888939,table8,schumacher 2018; doi:10.1038/s41588-018-0142
rs142444269,chr17,30098748,30098749,table8,schumacher 2018; doi:10.1038/s41588-018-0142
rs12665339,chr6,30601231,30601232,table8,schumacher 2018; doi:10.1038/s41588-018-0142
rs130067,chr6,31118510,31118511,table7,schumacher 2018; doi:10.1038/s41588-018-0142
rs11480453,chr20,31347511,31347512,table8,schumacher 2018; doi:10.1038/s41588-018-0142
rs118005503,chr19,32167802,32167803,table8,schumacher 2018; doi:10.1038/s41588-018-0142
rs3096702,chr6,32192330,32192331,table7,schumacher 2018; doi:10.1038/s41588-018-0142
rs9296068,chr6,32988694,32988695,table8,schumacher 2018; doi:10.1038/s41588-018-0142
rs10122495,chr9,34049778,34049779,table8,schumacher 2018; doi:10.1038/s41588-018-0142
rs9469899,chr6,34793123,34793124,table8,schumacher 2018; doi:10.1038/s41588-018-0142
rs11649743,chr17,36074978,36074979,table7,schumacher 2018; doi:10.1038/s41588-018-0142
rs4430796,chr17,36098039,36098040,table7,schumacher 2018; doi:10.1038/s41588-018-0142
rs11629412,chr14,37138293,37138294,table8,schumacher 2018; doi:10.1038/s41588-018-0142
rs8102476,chr19,38735612,38735613,table7,schumacher 2018; doi:10.1038/s41588-018-0142
rs17621345,chr7,40875191,40875192,table8,schumacher 2018; doi:10.1038/s41588-018-0142
rs4924487,chr15,40922914,40922915,table8,schumacher 2018; doi:10.1038/s41588-018-0142
rs11672691,chr19,41985586,41985587,table7,schumacher 2018; doi:10.1038/s41588-018-0142
rs61088131,chr19,42700946,42700947,table8,schumacher 2018; doi:10.1038/s41588-018-0142
rs5759167,chr22,43500211,43500212,table7,schumacher 2018; doi:10.1038/s41588-018-0142
rs1465618,chr2,43553948,43553949,table7,schumacher 2018; doi:10.1038/s41588-018-0142
rs4711748,chr6,43694597,43694598,table8,schumacher 2018; doi:10.1038/s41588-018-0142
rs2121875,chr5,44365544,44365545,table7,schumacher 2018; doi:10.1038/s41588-018-0142
rs76934034,chr10,46082984,46082985,table7,schumacher 2018; doi:10.1038/s41588-018-0142
rs11650494,chr17,47345185,47345186,table7,schumacher 2018; doi:10.1038/s41588-018-0142
rs547171081,chr11,47421961,47421962,table8,schumacher 2018; doi:10.1038/s41588-018-0142
rs56232506,chr7,47437243,47437244,table7,schumacher 2018; doi:10.1038/s41588-018-0142
rs80130819,chr12,48419617,48419618,table7,schumacher 2018; doi:10.1038/s41588-018-0142
rs10875943,chr12,49676009,49676010,table7,schumacher 2018; doi:10.1038/s41588-018-0142
rs5945619,chrX,51241671,51241672,table7,schumacher 2018; doi:10.1038/s41588-018-0142
rs2735839,chr19,51364622,51364623,table7,schumacher 2018; doi:10.1038/s41588-018-0142
rs10993994,chr10,51549495,51549496,table7,schumacher 2018; doi:10.1038/s41588-018-0142
rs8093601,chr18,51772472,51772473,table8,schumacher 2018; doi:10.1038/s41588-018-0142
rs6091758,chr20,52455204,52455205,table8,schumacher 2018; doi:10.1038/s41588-018-0142
rs2807031,chrX,52896948,52896949,table7,schumacher 2018; doi:10.1038/s41588-018-0142
rs28607662,chr18,53230858,53230859,table8,schumacher 2018; doi:10.1038/s41588-018-0142
rs902774,chr12,53273903,53273904,table7,schumacher 2018; doi:10.1038/s41588-018-0142
rs8008270,chr14,53372329,53372330,table7,schumacher 2018; doi:10.1038/s41588-018-0142
rs33984059,chr15,56385867,56385868,table8,schumacher 2018; doi:10.1038/s41588-018-0142
rs2680708,chr17,56456119,56456120,table8,schumacher 2018; doi:10.1038/s41588-018-0142
rs12956892,chr18,56746314,56746315,table8,schumacher 2018; doi:10.1038/s41588-018-0142
rs11863709,chr16,57654575,57654576,table8,schumacher 2018; doi:10.1038/s41588-018-0142
rs533722308,chr18,60961192,60961193,table8,schumacher 2018; doi:10.1038/s41588-018-0142
rs2427345,chr20,61015610,61015611,table7,schumacher 2018; doi:10.1038/s41588-018-0142
rs2277283,chr11,61908439,61908440,table8,schumacher 2018; doi:10.1038/s41588-018-0142
rs6062509,chr20,62362562,62362563,table7,schumacher 2018; doi:10.1038/s41588-018-0142
rs721048,chr2,63131730,63131731,table7,schumacher 2018; doi:10.1038/s41588-018-0142
rs7968403,chr12,65012823,65012824,table8,schumacher 2018; doi:10.1038/s41588-018-0142
rs74702681,chr2,66652884,66652885,table8,schumacher 2018; doi:10.1038/s41588-018-0142
rs112293876,chr15,66764640,66764641,table8,schumacher 2018; doi:10.1038/s41588-018-0142
rs12785905,chr11,66951964,66951965,table8,schumacher 2018; doi:10.1038/s41588-018-0142
rs5919432,chrX,67021549,67021550,table7,schumacher 2018; doi:10.1038/s41588-018-0142
rs7931342,chr11,68994496,68994497,table7,schumacher 2018; doi:10.1038/s41588-018-0142
rs1859962,chr17,69108752,69108753,table7,schumacher 2018; doi:10.1038/s41588-018-0142
rs7141529,chr14,69126743,69126744,table7,schumacher 2018; doi:10.1038/s41588-018-0142
rs6625711,chrX,70139849,70139850,table7,schumacher 2018; doi:10.1038/s41588-018-0142
rs4844289,chrX,70407982,70407983,table7,schumacher 2018; doi:10.1038/s41588-018-0142
rs8014671,chr14,71092255,71092256,table7,schumacher 2018; doi:10.1038/s41588-018-0142
rs10460109,chr18,73036164,73036165,table8,schumacher 2018; doi:10.1038/s41588-018-0142
rs10009409,chr4,73855252,73855253,table7,schumacher 2018; doi:10.1038/s41588-018-0142
rs1894292,chr4,74349157,74349158,table7,schumacher 2018; doi:10.1038/s41588-018-0142
rs11290954,chr11,76260542,76260543,table8,schumacher 2018; doi:10.1038/s41588-018-0142
rs7241993,chr18,76773972,76773973,table7,schumacher 2018; doi:10.1038/s41588-018-0142
rs201158093,chr16,82178892,82178893,table8,schumacher 2018; doi:10.1038/s41588-018-0142
rs10187424,chr2,85794296,85794297,table7,schumacher 2018; doi:10.1038/s41588-018-0142
rs2660753,chr3,87110673,87110674,table7,schumacher 2018; doi:10.1038/s41588-018-0142
rs56391074,chr1,88210714,88210715,table8,schumacher 2018; doi:10.1038/s41588-018-0142
rs5799921,chr12,90160529,90160530,table8,schumacher 2018; doi:10.1038/s41588-018-0142
rs1935581,chr10,90195148,90195149,table8,schumacher 2018; doi:10.1038/s41588-018-0142
rs12500426,chr4,95514608,95514609,table7,schumacher 2018; doi:10.1038/s41588-018-0142
rs17021918,chr4,95562876,95562877,table7,schumacher 2018; doi:10.1038/s41588-018-0142
rs6465657,chr7,97816326,97816327,table7,schumacher 2018; doi:10.1038/s41588-018-0142
rs11568818,chr11,102401660,102401661,table7,schumacher 2018; doi:10.1038/s41588-018-0142
rs3850699,chr10,104414220,104414221,table7,schumacher 2018; doi:10.1038/s41588-018-0142
rs7679673,chr4,106061533,106061534,table7,schumacher 2018; doi:10.1038/s41588-018-0142
rs1283104,chr3,106962520,106962521,table8,schumacher 2018; doi:10.1038/s41588-018-0142
rs1800057,chr11,108143455,108143456,table8,schumacher 2018; doi:10.1038/s41588-018-0142
rs2273669,chr6,109285188,109285189,table7,schumacher 2018; doi:10.1038/s41588-018-0142
rs11691517,chr2,111893095,111893096,table8,schumacher 2018; doi:10.1038/s41588-018-0142
rs7611694,chr3,113275623,113275624,table7,schumacher 2018; doi:10.1038/s41588-018-0142
rs11214775,chr11,113807180,113807181,table7,schumacher 2018; doi:10.1038/s41588-018-0142
rs1270884,chr12,114685570,114685571,table7,schumacher 2018; doi:10.1038/s41588-018-0142
rs7094871,chr10,114712153,114712154,table8,schumacher 2018; doi:10.1038/s41588-018-0142
rs1571801,chr9,124427372,124427373,table7,schumacher 2018; doi:10.1038/s41588-018-0142
rs138466039,chr11,125054792,125054793,table8,schumacher 2018; doi:10.1038/s41588-018-0142
rs4962416,chr10,126696871,126696872,table7,schumacher 2018; doi:10.1038/s41588-018-0142
rs12543663,chr8,127924658,127924659,table7,schumacher 2018; doi:10.1038/s41588-018-0142
rs10086908,chr8,128011936,128011937,table7,schumacher 2018; doi:10.1038/s41588-018-0142
rs10934853,chr3,128038372,128038373,table7,schumacher 2018; doi:10.1038/s41588-018-0142
rs183373024,chr8,128104116,128104117,table7,schumacher 2018; doi:10.1038/s41588-018-0142
rs16901979,chr8,128124915,128124916,table7,schumacher 2018; doi:10.1038/s41588-018-0142
rs620861,chr8,128335672,128335673,table7,schumacher 2018; doi:10.1038/s41588-018-0142
rs6983267,chr8,128413304,128413305,table7,schumacher 2018; doi:10.1038/s41588-018-0142
rs1447295,chr8,128485037,128485038,table7,schumacher 2018; doi:10.1038/s41588-018-0142
rs1182,chr9,132576059,132576060,table8,schumacher 2018; doi:10.1038/s41588-018-0142
rs7295014,chr12,133067988,133067989,table8,schumacher 2018; doi:10.1038/s41588-018-0142
rs10793821,chr5,133836208,133836209,table8,schumacher 2018; doi:10.1038/s41588-018-0142
rs878987,chr11,134266371,134266372,table8,schumacher 2018; doi:10.1038/s41588-018-0142
rs6763931,chr3,141102832,141102833,table7,schumacher 2018; doi:10.1038/s41588-018-0142
rs17599629,chr1,150658286,150658287,table7,schumacher 2018; doi:10.1038/s41588-018-0142
rs182314334,chr3,152004201,152004202,table8,schumacher 2018; doi:10.1038/s41588-018-0142
rs1933488,chr6,153441078,153441079,table7,schumacher 2018; doi:10.1038/s41588-018-0142
rs34579442,chr1,153899899,153899900,table8,schumacher 2018; doi:10.1038/s41588-018-0142
rs1218582,chr1,154834182,154834183,table7,schumacher 2018; doi:10.1038/s41588-018-0142
rs9364554,chr6,160833663,160833664,table7,schumacher 2018; doi:10.1038/s41588-018-0142
rs142436749,chr3,169093099,169093100,table8,schumacher 2018; doi:10.1038/s41588-018-0142
rs76551843,chr5,169172132,169172133,table8,schumacher 2018; doi:10.1038/s41588-018-0142
rs10936632,chr3,170130101,170130102,table7,schumacher 2018; doi:10.1038/s41588-018-0142
rs138004030,chr6,170475878,170475879,table8,schumacher 2018; doi:10.1038/s41588-018-0142
rs6869841,chr5,172939425,172939426,table7,schumacher 2018; doi:10.1038/s41588-018-0142
rs12621278,chr2,173311552,173311553,table7,schumacher 2018; doi:10.1038/s41588-018-0142
rs34925593,chr2,174234546,174234547,table8,schumacher 2018; doi:10.1038/s41588-018-0142
rs4976790,chr5,177968914,177968915,table8,schumacher 2018; doi:10.1038/s41588-018-0142
rs59308963,chr2,202123478,202123479,table8,schumacher 2018; doi:10.1038/s41588-018-0142
rs4245739,chr1,204518841,204518842,table7,schumacher 2018; doi:10.1038/s41588-018-0142
rs138213197,NA,NA,NA,table7,schumacher 2018; doi:10.1038/s41588-018-0142
rs2292884,NA,NA,NA,table7,schumacher 2018; doi:10.1038/s41588-018-0142
rs3129859,NA,NA,NA,table7,schumacher 2018; doi:10.1038/s41588-018-0142
rs3771570,NA,NA,NA,table7,schumacher 2018; doi:10.1038/s41588-018-0142
rs58133635,NA,NA,NA,table7,schumacher 2018; doi:10.1038/s41588-018-0142
rs7767188c,NA,NA,NA,table7,schumacher 2018; doi:10.1038/s41588-018-0142
rs9306895,NA,NA,NA,table7,schumacher 2018; doi:10.1038/s41588-018-0142
