sample,SNP,event,ref_count,alt_count,ref_expr,alt_expr,alt_effect,alt_freq,pvalue,sig,padj,PCA-SNP(289),z
24,rs17035305,chr1;10616505;C;A,89,44,29042,10226,-0.35,0.41,0.0012,TRUE,0.0197,YES,-3.25
24,rs4845585,chr1;153896370;T;C,44,16,4947,1624,-0.70,0.33,0.0003,TRUE,0.0082,YES,-3.58
24,rs10745515,chr12;90156979;T;C,35,79,6907,32152,0.96,0.72,0.0000,TRUE,0.0000,YES,5.36
24,rs11083046,chr18;51781019;T;C,42,28,5489,5752,0.47,0.61,0.0001,TRUE,0.0020,YES,3.99
24,rs12215344,chr6;109329641;A;C,64,18,15126,1478,-1.15,0.24,0.0022,TRUE,0.0291,YES,-3.07
24,rs9472120,chr6;43709785;C;T,47,50,12668,22345,0.52,0.63,0.0003,TRUE,0.0069,YES,3.65
24,rs9472121,chr6;43710015;T;G,50,62,11820,21929,0.47,0.62,0.0009,TRUE,0.0161,YES,3.33
24,rs11782388,chr8;23525358;C;T,28,34,1138,2631,0.76,0.68,0.0000,TRUE,0.0014,YES,4.11
24,rs13265330,chr8;23525543;C;T,30,41,1017,3628,0.98,0.73,0.0000,TRUE,0.0000,YES,5.34
24,rs2480785,chr1;10569258;G;A,49,28,10470,4578,-0.48,0.38,0.0255,TRUE,0.1605,YES,-2.23
24,rs56103503,chr1;154980351;C;T,41,24,22328,8954,-0.33,0.42,0.0493,TRUE,0.2526,YES,-1.97
24,rs1795624,chr12;65043403;G;A,53,25,4732,3700,0.39,0.60,0.0064,TRUE,0.0659,YES,2.73
24,rs12955457,chr18;51830294;C;T,21,19,1155,685,-0.79,0.31,0.0168,TRUE,0.1297,YES,-2.39
24,rs12326997,chr18;56743138;A;G,41,32,4154,3424,-0.29,0.43,0.0402,TRUE,0.2213,YES,-2.05
24,rs12620010,chr2;202099256;T;G,33,28,3777,5323,0.44,0.61,0.0051,TRUE,0.0557,YES,2.80
24,rs9288316,chr2;202163483;G;A,28,44,43075,20620,-0.67,0.34,0.0455,TRUE,0.2461,YES,-2.00
24,rs7679542,chr4;95547467;A;G,37,28,2699,1200,-0.52,0.37,0.0498,TRUE,0.2526,YES,-1.96
24,rs13215402,chr6;153447550;G;A,30,24,29995,9683,-0.72,0.33,0.0089,TRUE,0.0834,YES,-2.61
24,rs205259,chr6;34564066;A;G,78,23,19683,7617,0.58,0.64,0.0176,TRUE,0.1299,YES,2.37
24,rs205258,chr6;34564243;T;C,77,19,7847,2664,-1.00,0.25,0.0057,TRUE,0.0609,YES,-2.76
24,rs9469887,chr6;34758940;C;T,65,24,5060,1738,0.35,0.59,0.0194,TRUE,0.1299,YES,2.34
24,rs9472119,chr6;43709703;C;T,44,48,11725,15470,0.38,0.60,0.0068,TRUE,0.0679,YES,2.71
24,rs6475313,chr9;19049217;A;C,27,26,22249,12083,-0.44,0.39,0.0093,TRUE,0.0840,YES,-2.60
48,rs4845585,chr1;153896370;T;C,44,16,2799,833,-0.78,0.31,0.0002,TRUE,0.0045,YES,-3.75
48,rs10745515,chr12;90156979;T;C,35,79,4048,18645,0.92,0.72,0.0000,TRUE,0.0000,YES,5.10
48,rs12326997,chr18;56743138;A;G,41,32,2171,1575,-0.54,0.36,0.0013,TRUE,0.0265,YES,-3.22
48,rs13265330,chr8;23525543;C;T,30,41,578,1988,1.02,0.74,0.0000,TRUE,0.0000,YES,5.29
48,rs6475313,chr9;19049217;A;C,27,26,21280,9591,-0.64,0.35,0.0001,TRUE,0.0025,YES,-3.95
48,rs2480785,chr1;10569258;G;A,49,28,5137,2234,-0.51,0.37,0.0074,TRUE,0.0815,YES,-2.68
48,rs17035305,chr1;10616505;C;A,89,44,14764,5441,-0.29,0.42,0.0043,TRUE,0.0629,YES,-2.86
48,rs11264743,chr1;153941514;C;T,83,21,7103,1429,-0.43,0.39,0.0335,TRUE,0.1877,YES,-2.13
48,rs1795624,chr12;65043403;G;A,53,25,3007,2128,0.33,0.59,0.0423,TRUE,0.2243,YES,2.03
48,rs1716506,chr12;65065169;C;T,70,32,6535,3277,-0.37,0.40,0.0213,TRUE,0.1557,YES,-2.30
48,rs11083046,chr18;51781019;T;C,42,28,3211,2895,0.35,0.59,0.0037,TRUE,0.0595,YES,2.91
48,rs4940811,chr18;56742904;A;G,25,15,1368,849,-0.70,0.33,0.0125,TRUE,0.1068,YES,-2.50
48,rs4940812,chr18;56742965;G;A,31,20,1712,1132,-0.64,0.34,0.0064,TRUE,0.0751,YES,-2.73
48,rs11674246,chr2;202048123;C;T,42,19,5947,1910,-0.46,0.38,0.0293,TRUE,0.1786,YES,-2.18
48,rs12620010,chr2;202099256;T;G,33,28,2243,2900,0.35,0.59,0.0308,TRUE,0.1786,YES,2.16
48,rs9288316,chr2;202163483;G;A,28,44,20703,9289,-0.75,0.32,0.0236,TRUE,0.1581,YES,-2.26
48,rs6760842,chr2;238398165;T;C,56,26,4712,2855,0.36,0.58,0.0123,TRUE,0.1068,YES,2.50
48,rs7679542,chr4;95547467;A;G,37,28,1806,782,-0.58,0.36,0.0163,TRUE,0.1289,YES,-2.40
48,rs12215344,chr6;109329641;A;C,64,18,7953,804,-1.10,0.25,0.0041,TRUE,0.0629,YES,-2.87
48,rs13215402,chr6;153447550;G;A,30,24,19072,5144,-0.88,0.29,0.0035,TRUE,0.0595,YES,-2.92
48,rs9472119,chr6;43709703;C;T,44,48,8431,9819,0.30,0.58,0.0473,TRUE,0.2388,YES,1.98
48,rs9472120,chr6;43709785;C;T,47,50,9067,14258,0.44,0.61,0.0028,TRUE,0.0507,YES,2.99
48,rs9472121,chr6;43710015;T;G,50,62,7846,13460,0.40,0.60,0.0099,TRUE,0.0983,YES,2.58
48,rs10807290,chr6;43710381;C;T,46,53,4494,5920,-0.25,0.43,0.0355,TRUE,0.1952,YES,-2.10
48,rs10486567,chr7;27976563;G;A,98,29,53196,24206,0.59,0.64,0.0263,TRUE,0.1654,YES,2.22
48,rs11782388,chr8;23525358;C;T,28,34,678,1357,0.56,0.63,0.0054,TRUE,0.0726,YES,2.78
48,rs2233798,chr9;19048957;C;T,41,33,11052,4720,-0.49,0.38,0.0251,TRUE,0.1612,YES,-2.24
72,rs4845585,chr1;153896370;T;C,44,16,2835,933,-0.61,0.35,0.0005,TRUE,0.0159,YES,-3.50
72,rs10745515,chr12;90156979;T;C,35,79,3161,16026,0.95,0.72,0.0000,TRUE,0.0000,YES,4.96
72,rs13265330,chr8;23525543;C;T,30,41,478,2003,1.12,0.75,0.0000,TRUE,0.0000,YES,4.93
72,rs17035305,chr1;10616505;C;A,89,44,17558,6758,-0.24,0.44,0.0404,TRUE,0.3039,YES,-2.05
72,rs10777200,chr12;90172940;T;C,31,67,3512,8657,-0.44,0.39,0.0380,TRUE,0.3039,YES,-2.08
72,rs11083046,chr18;51781019;T;C,42,28,3560,3353,0.36,0.59,0.0086,TRUE,0.1347,YES,2.63
72,rs12620010,chr2;202099256;T;G,33,28,1620,2112,0.43,0.61,0.0224,TRUE,0.2160,YES,2.28
72,rs6760842,chr2;238398165;T;C,56,26,4263,2392,0.27,0.57,0.0388,TRUE,0.3039,YES,2.07
72,rs1446668,chr2;85764960;G;T,61,43,12326,5351,-0.36,0.41,0.0360,TRUE,0.2994,YES,-2.10
72,rs12215344,chr6;109329641;A;C,64,18,6902,672,-1.20,0.23,0.0019,TRUE,0.0542,YES,-3.10
72,rs13215402,chr6;153447550;G;A,30,24,16099,4657,-0.86,0.30,0.0018,TRUE,0.0542,YES,-3.12
72,rs205259,chr6;34564066;A;G,78,23,11924,5621,0.56,0.64,0.0405,TRUE,0.3039,YES,2.05
72,rs9469886,chr6;34758824;C;T,60,25,2397,814,0.39,0.60,0.0479,TRUE,0.3434,YES,1.98
72,rs9469887,chr6;34758940;C;T,65,24,2701,968,0.51,0.63,0.0087,TRUE,0.1347,YES,2.62
72,rs9472119,chr6;43709703;C;T,44,48,9658,11771,0.32,0.58,0.0180,TRUE,0.1900,YES,2.37
72,rs9472120,chr6;43709785;C;T,47,50,10108,16669,0.43,0.61,0.0038,TRUE,0.0889,YES,2.90
72,rs9472121,chr6;43710015;T;G,50,62,8432,14974,0.37,0.59,0.0266,TRUE,0.2374,YES,2.22
72,rs10486567,chr7;27976563;G;A,98,29,52842,23562,0.60,0.65,0.0163,TRUE,0.1842,YES,2.40
72,rs11782388,chr8;23525358;C;T,28,34,676,1458,0.69,0.66,0.0056,TRUE,0.1102,YES,2.77
72,rs1043186,chr9;132573290;C;T,74,22,4467,753,-0.52,0.38,0.0117,TRUE,0.1566,YES,-2.52
72,rs6475313,chr9;19049217;A;C,27,26,16571,8804,-0.46,0.39,0.0057,TRUE,0.1102,YES,-2.76
