Primer Name,M.E,Cov,
MU122757_G-A::chr17:7573998-7574037(-)::TP53:989-1028,90,6246,
MU106470_C-T::chr18:48591898-48591937(+)::SMAD4:1061-1100,995,12468,
MU59429_G-A::chr18:48591899-48591938(+)::SMAD4:1062-1101,77,12410,
MU32987175_C-T::chr7:140453117-140453156(-)::BRAF:1778-1817,90,6512,
MU62030_A-T::chr7:140453116-140453155(-)::BRAF:1779-1818,594,6483,
MU55099_G-T::chr1:115256510-115256549(-)::NRAS:161-200,421,57922,
MU1292768_T-C::chr11:533854-533893(-)::HRAS:162-201,473,64979,
MU68272_T-C::chr1:115256509-115256548(-)::NRAS:162-201,438,58221,
MU55967_T-A::chr1:115256509-115256548(-)::NRAS:162-201,"2,223",58221,
MU62621_T-G::chr12:25380255-25380294(-)::KRAS:163-202,707,28165,
MU70839_C-T::chr12:25398261-25398300(-)::KRAS:18-57,455,20331,
MU593848_C-G::chr10:89692884-89692923(-)::PTEN:368-407,213,5630,
MU29098_G-A::chr10:89692885-89692924(-)::PTEN:369-408,6,5639,
MU272_G-C::chr2:209113093-209113132(-)::IDH1:374-413,213,5837,
MU197_G-A::chr2:209113093-209113132(-)::IDH1:374-413,91,5837,
MU866_C-T::chr2:209113092-209113131(-)::IDH1:375-414,131,5833,
MU76502_C-T::chr12:25378542-25378581(-)::KRAS:416-451,119,16991,
MU47358_C-A::chr17:7578441-7578480(-)::TP53:449-488,744,30060,
MU10836_T-C::chr17:7578422-7578461(-)::TP53:468-507,180,29786,
MU265_C-T::chr15:90631818-90631857(-)::IDH2:495-534,938,34543,
MU7870_C-T::chr17:7578386-7578425(-)::TP53:504-543,63,28244,
MU70725_C-T::chr17:7578383-7578422(-)::TP53:507-546,68,28154,
MU8924_C-A::chr17:7578383-7578422(-)::TP53:507-546,140,28154,
MU12117_T-C::chr17:7578374-7578413(-)::TP53:516-555,191,27806,
MU13250_T-C::chr17:7578251-7578290(-)::TP53:558-597,192,24610,
MU14915_A-C::chr17:7578248-7578287(-)::TP53:561-600,584,24384,
MU8496_A-G::chr17:7578245-7578284(-)::TP53:564-603,227,24023,
MU17274_T-C::chr17:7578215-7578254(-)::TP53:594-633,12,22716,
MU132735_T-C::chr17:7578188-7578227(-)::TP53:621-660,155,22507,
MU4807_T-C::chr17:7578170-7578209(-)::TP53:639-677,190,22839,
MU7717_T-C::chr17:7577560-7577599(-)::TP53:681-720,26,22503,
MU120232_T-C::chr17:7577554-7577593(-)::TP53:687-726,187,22511,
MU1175727_C-T::chr17:7577550-7577589(-)::TP53:691-730,50,22427,
MU1668167_G-A::chr17:7577539-7577578(-)::TP53:702-741,32,21972,
MU25838_C-T::chr17:7577528-7577567(-)::TP53:713-752,8,21738,
MU11229_C-T::chr17:7577527-7577566(-)::TP53:714-753,64,21694,
MU17943_G-A::chr17:7577519-7577558(-)::TP53:722-761,124,21626,
MU30748_C-T::chr17:7577518-7577557(-)::TP53:723-762,30,21620,
MU1305116_C-G::(+)::FGFR3:726-765,942,32334,
MU863220_C-A::chr17:7577514-7577553(-)::TP53:727-766,930,21511,
MU4437_C-T::chr17:7577104-7577143(-)::TP53:794-833,151,19097,
MU5286_G-A::chr17:7577101-7577140(-)::TP53:797-836,259,18958,
MU24637_C-T::chr17:7577100-7577139(-)::TP53:798-837,337,18960,
MU36248_C-A::chr17:7577100-7577139(-)::TP53:798-837,211,18960,
MU256_G-A::chr17:7577074-7577113(-)::TP53:824-863,26,17544,
MU880899_C-T::chr17:7577065-7577104(-)::TP53:833-872,142,16747,
,,,
,,,
,,,Source: complex-enrichment
,,,https://docs.google.com/spreadsheets/d/1YBgy0oBhsO0A-bdqx_91aQtqwQ9ZzNM5/edit#gid=864865808
